Id;Label;EntityType;RiskScore
1;Україна;Country;8.0
2;CERT-UA;Organization;8.0
3;National Cyber Security Center;Organization;8.0
4;UA30;Organization;6.0
5;FIRST;Organization;6.0
6;Володимир Зеленський;Individual;5.0
7;Михайло Федоров;Individual;5.0
8;Юрій Щиголь;Individual;5.0
9;gov.ua;Domain;7.0
10;Ukraine President;Target;8.0
11;Ukraine Presidential Administration;Target;8.0
12;OUTSTEEL;Tool;7.0
13;LOADJUMP;Tool;7.0
14;0707a;Tool;7.0
15;differencecell;Tool;7.0
16;Ukraine;Country;8.0
17;Ukrainian Presidential Administration;Organization;8.0
18;gov-ua.info;Domain;8.0
19;1833.site;Domain;8.0
20;giraffe-tour.ru;Domain;8.0
21;State Information Resources;Target;8.0
22;Government IT Systems;Target;8.0
23;State and Private Institutions;Target;8.0
24;Telecommunications Operators;Target;8.0
25;facebook.com;Domain;4.0
26;Ukrainian Government Institutions;Target;8.0
27;Local Self-Government Bodies;Target;8.0
28;state and private institutions;Target;8.0
29;Organizations and Enterprises;Target;8.0
30;telecom operators;Target;8.0
31;Ministry of Social Policy;Target;8.0
32;Facebook;Tool;7.0
33;Ministry of Social Policy;Organization;8.0
34;United Nations;Organization;6.0
35;European Union;Organization;6.0
36;Red Cross Society;Organization;6.0
37;National Bank of Ukraine;Organization;8.0
38;Platform єДопомога;Organization;8.0
39;chis-gos.top;Domain;8.0
40;compensationukr.com;Domain;8.0
41;ec-compensation.xyz;Domain;8.0
42;yolasite.com;Domain;8.0
43;erinekenney.com;Domain;8.0
44;fanlnk.to;Domain;8.0
45;hardingtwominuterule.com;Domain;8.0
46;webflow.io;Domain;8.0
47;ukr-compens.xyz;Domain;8.0
48;mygraphbook.com;Domain;8.0
49;myua-compensations.xyz;Domain;8.0
50;pro-gos.top;Domain;8.0
51;tax-compensation.xyz;Domain;8.0
52;tax-compenses.xyz;Domain;8.0
53;uabayrakua.com;Domain;8.0
54;ua-compens.top;Domain;8.0
55;ua-compensation.top;Domain;8.0
56;ua-compensations.xyz;Domain;8.0
57;ua-compenses.top;Domain;8.0
58;uam-compensation.xyz;Domain;8.0
59;uatax-compens.xyz;Domain;8.0
60;uatax-compenses.xyz;Domain;8.0
61;ua-taxes-compens.xyz;Domain;8.0
62;ucraft.site;Domain;8.0
63;ukrainebayra.com;Domain;8.0
64;PowerShell;Tool;7.0
65;Agent Tesla;Tool;7.0
66;Austria;Country;8.0
67;Germany;Country;8.0
68;Brazil;Country;10.0
69;t-online.de;Organization;8.0
70;ukr.net;Organization;8.0
71;westafrance.com;Organization;8.0
72;aon.at;Organization;8.0
73;ssttekstil.com;Organization;9.0
74;academiadutygroup.com.br;Organization;9.0
75;sackmeister.de;Organization;9.0
76;eric.fehling;Individual;7.5
77;bondar_mob;Individual;7.5
78;bonitet_ltd;Individual;7.5
79;adv.rsnord;Individual;7.5
80;a.bindhammer;Individual;7.5
81;a.ehrnhofer;Individual;7.5
82;a.bernsteiner;Individual;7.5
83;t-online.de;Domain;7.0
84;ukr.net;Domain;7.0
85;westafrance.com;Domain;7.0
86;aon.at;Domain;7.0
87;ssttekstil.com;Domain;8.0
88;academiadutygroup.com.br;Domain;8.0
89;sackmeister.de;Domain;8.0
90;Microsoft Exchange Server;Tool;7.0
91;Fortinet;Tool;7.0
92;Apache Log4j;Tool;7.0
93;shodan.io;Tool;7.0
94;Mikrotik;Tool;7.0
95;Proxmox;Tool;7.0
96;ISPManager;Tool;7.0
97;DirectAdmin;Tool;7.0
98;Webmin;Tool;7.0
99;PhpMyAdmin;Tool;7.0
100;АСКОД;Tool;7.0
101;CISA;Organization;6.0
102;Microsoft;Organization;6.0
103;Fortinet;Organization;6.0
104;Apache;Organization;6.0
105;Shodan;Organization;6.0
106;shodan.io;Domain;4.0
107;cisa.gov;Domain;4.0
108;Windows Server 2019;Target;8.0
109;Windows 10 1809;Target;8.0
110;http.sys;Tool;7.0
111;IIS;Tool;7.0
112;Windows Server;Tool;7.0
113;Windows 10;Tool;7.0
114;microsoft.com;Domain;4.0
115;mitre.org;Domain;4.0
116;Microsoft Windows Server 2019;Target;8.0
117;Microsoft Windows 10 version 1809;Target;8.0
118;Internet Information Services (IIS);Target;8.0
119;Government Organizations;Target;8.0
120;BootPatch;Tool;7.0
121;WhisperKill;Tool;7.0
122;WhisperGate;Tool;7.0
123;WhisperPack;Tool;7.0
124;AdvancedRun;Tool;7.0
125;Impacket;Tool;7.0
126;Eazfuscator;Tool;7.0
127;NirSoft;Organization;6.0
128;discorapp.com;Domain;8.0
129;Encrpt3d;Hacker Group;9.0
130;SSO ZS Ukraine;Target;8.0
131;WhiteBlackCrypt;Tool;7.0
132;Encrpt3d Ransomware;Tool;7.0
133;Росія;Country;10.0
134;SSO ZS Ukraine;Organization;8.0
135;FSB;Organization;9.0
136;WEX;Organization;6.0
137;Костянтин Малофєєв;Individual;7.5
138;gmail.com;Domain;4.0
139;Ministry of Foreign Affairs of Ukraine;Target;8.0
140;Ministry of Education and Science of Ukraine;Target;8.0
141;October CMS;Tool;7.0
142;Ministry of Foreign Affairs of Ukraine;Organization;8.0
143;Ministry of Education and Science of Ukraine;Organization;8.0
144;cvedetails.com;Domain;4.0
145;github.com;Domain;4.0
146;Adobe Flash Player;Target;8.0
147;Adobe Framemaker;Target;8.0
148;Adobe Acrobat Reader;Target;8.0
149;Adobe Reader DC;Target;8.0
150;Adobe Digital Editions;Target;8.0
151;Adobe Experience Manager;Target;8.0
152;Adobe;Organization;8.0
153;adobe.com;Domain;7.0
154;Armageddon;Hacker Group;9.0
155;Ukrainian State Special Communications Service;Target;8.0
156;HTML;Tool;7.0
157;JavaScript;Tool;7.0
158;RAR;Tool;7.0
159;HTA;Tool;7.0
160;VBScript;Tool;7.0
161;mshta;Tool;7.0
162;cloudflare-dns.com;Domain;4.0
163;info-cip.org;Domain;8.0
164;ua-cip.org;Domain;8.0
165;civh.ru;Domain;8.0
166;hilr.ru;Domain;8.0
167;rubidiumo.ru;Domain;8.0
168;shapurt.ru;Domain;8.0
169;ardeas.ru;Domain;8.0
170;APT group;Hacker Group;9.0
171;Users;Target;8.0
172;government institutions;Target;8.0
173;Critical Infrastructure;Target;8.0
174;CoronaMap;Tool;7.0
175;AZORult;Tool;7.0
176;Johns Hopkins University;Organization;6.0
177;virustotal.com;Domain;4.0
178;Thunderbird;Target;8.0
179;Firefox;Target;8.0
180;Firefox iOS;Target;8.0
181;VMware;Target;8.0
182;VMRC;Target;8.0
183;VMware Horizon;Target;8.0
184;Apple iOS;Target;8.0
185;macOS;Target;8.0
186;tvOS;Target;8.0
187;watchOS;Target;8.0
188;Chrome;Target;8.0
189;Cisco IOS;Target;8.0
190;Thunderbird;Tool;7.0
191;Firefox;Tool;7.0
192;Firefox iOS;Tool;7.0
193;VMware ESXi;Tool;7.0
194;VMware Workstation;Tool;7.0
195;VMware Fusion;Tool;7.0
196;VMRC;Tool;7.0
197;VMware Horizon;Tool;7.0
198;Apple iOS;Tool;7.0
199;macOS;Tool;7.0
200;tvOS;Tool;7.0
201;watchOS;Tool;7.0
202;Chrome;Tool;7.0
203;Cisco IOS;Tool;7.0
204;Cisco IOS XE;Tool;7.0
205;Mozilla Foundation;Organization;8.0
206;VMware;Organization;8.0
207;Apple;Organization;8.0
208;Google;Organization;8.0
209;Cisco;Organization;8.0
210;mozilla.org;Domain;7.0
211;vmware.com;Domain;7.0
212;apple.com;Domain;7.0
213;googleblog.com;Domain;7.0
214;cisco.com;Domain;7.0
215;Java;Tool;7.0
216;Ministry of Health of Ukraine;Target;8.0
217;Microsoft Office;Tool;7.0
218;Ministry of Health of Ukraine;Organization;8.0
219;i.ua;Domain;8.0
220;Estonia;Country;5.0
221;ECEAP;Organization;6.0
222;CybExer Technologies;Organization;6.0
223;Держспецзв’язку;Organization;8.0
224;Central Election Commission;Organization;8.0
225;Cyber Police;Organization;8.0
226;Security Service of Ukraine;Organization;8.0
227;International University of Cybersecurity;Organization;6.0
228;Валентин Петров;Individual;7.5
229;Микола Худинцев;Individual;7.5
230;Микола Кулешов;Individual;7.5
231;Роман Боярчук;Individual;7.5
232;eceap.eu;Domain;4.0
233;Microsoft Windows;Target;8.0
234;symantec.com;Domain;4.0
235;WinSCP;Tool;7.0
236;FileZilla;Tool;7.0
237;OpenVPN;Tool;7.0
238;jDownloader;Tool;7.0
239;SmartFTP;Tool;7.0
240;FTP Commander;Tool;7.0
241;WS_FTP;Tool;7.0
242;FTPGetter;Tool;7.0
243;Trillian;Tool;7.0
244;Claws Mail;Tool;7.0
245;Postbox;Tool;7.0
246;Outlook;Tool;7.0
247;Foxmail;Tool;7.0
248;Opera Mail;Tool;7.0
249;Pocomail;Tool;7.0
250;Becky!;Tool;7.0
251;IceDragon;Tool;7.0
252;RegAsm;Tool;7.0
253;Internet Explorer;Tool;7.0
254;Yandex Browser;Tool;7.0
255;Iridium Browser;Tool;7.0
256;Epic Privacy Browser;Tool;7.0
257;Chromium Browser;Tool;7.0
258;7Star Browser;Tool;7.0
259;Torch Browser;Tool;7.0
260;Chrome Plus Browser;Tool;7.0
261;Kometa Browser;Tool;7.0
262;Amigo Browser;Tool;7.0
263;Brave Browser;Tool;7.0
264;CentBrowser;Tool;7.0
265;Liebao Browser;Tool;7.0
266;Elements Browser;Tool;7.0
267;Vivaldi Browser;Tool;7.0
268;Citrio Browser;Tool;7.0
269;360Chrome Browser;Tool;7.0
270;Uran Browser;Tool;7.0
271;Chedot Browser;Tool;7.0
272;Orbitum Browser;Tool;7.0
273;Sputnik Browser;Tool;7.0
274;Comodo Dragon Browser;Tool;7.0
275;CocCoc Browser;Tool;7.0
276;QIP Surf Browser;Tool;7.0
277;Coowon Browser;Tool;7.0
278;Opera Browser;Tool;7.0
279;chinagrill.co;Domain;8.0
280;badpdf.com;Domain;8.0
281;dyndns.com;Domain;8.0
282;winscp.net;Domain;8.0
283;cert.ee;Domain;4.0
284;any.run;Domain;4.0
285;intezer.com;Domain;4.0
286;South Korea;Country;10.0
287;cautionphenomenon.co.kr;Domain;8.0
288;Email Accounts;Target;8.0
289;HTML file;Tool;7.0
290;Remote Desktop Protocol;Tool;7.0
291;US Elections 2016;Target;8.0
292;Netherlands;Country;5.0
293;India;Country;5.0
294;United States;Country;5.0
295;Global Commission for Cyber Stability;Organization;6.0
296;Government Group of Experts;Organization;6.0
297;Open-Stack Working Group;Organization;6.0
298;Michael Chertoff;Individual;5.0
299;António Guterres;Individual;5.0
300;RAR archive;Tool;7.0
301;mail.gov.ua;Organization;9.0
302;civh.ru;Organization;9.0
303;hilr.ru;Organization;9.0
304;rubidiumo.ru;Organization;9.0
305;shapurt.ru;Organization;9.0
306;ardeas.ru;Organization;9.0
307;tzi.info-cip.org;Organization;9.0
308;arhiv.ua-cip.org;Organization;9.0
309;ua-cip.org;Organization;9.0
310;info-cip.org;Organization;9.0
311;t.me;Domain;4.0
312;Russia;Country;5.0
313;Open-Source Working Group;Organization;6.0
314;Project Syndicate;Organization;6.0
315;nv.ua;Domain;4.0
316;project-syndicate.org;Domain;4.0
317;SOCIS;Target;8.0
318;SOCIS;Organization;8.0
319;OptiData;Organization;6.0
320;optidata.com.ua;Domain;4.0
321;Ukraine;Target;8.0
322;State Authorities;Target;8.0
323;М. Колєди;Individual;8.5
324;stenislavboika;Individual;8.5
325;kherson.ua;Domain;8.0
326;CERT-UA;Target;8.0
327;ESET Online Scanner;Tool;7.0
328;ESET_scanner;Tool;7.0
329;Renci.SshNet;Tool;7.0
330;online.ua;Organization;9.0
331;ipfib.com;Organization;6.0
332;online.ua;Domain;8.0
333;ipfib.com;Domain;4.0
334;Adobe Flash Player;Tool;7.0
335;Adobe Framemaker;Tool;7.0
336;Adobe Acrobat Reader;Tool;7.0
337;Adobe Acrobat Reader DC;Tool;7.0
338;Adobe Digital Editions;Tool;7.0
339;Adobe Experience Manager;Tool;7.0
340;ТОВ Технік;Target;8.0
341;Спец Строй Монтаж;Target;8.0
342;sysm;Tool;7.0
343;Propagate;Tool;7.0
344;Sonoko;Tool;7.0
345;зг. дог рах. фак 708.js;Tool;7.0
346;Technik Ltd.;Organization;8.0
347;SPETSTROY Montazh;Organization;8.0
348;UKRTelecom;Organization;8.0
349;Александр Владимирович Бородавко;Individual;7.5
350;Филипова Алла;Individual;7.5
351;districoperav.icu;Domain;8.0
352;varanasiclick.ru;Domain;8.0
353;nx0.ru;Domain;8.0
354;ukrtel.net;Domain;7.0
355;Linksys;Target;8.0
356;MikroTik;Target;8.0
357;NETGEAR;Target;8.0
358;TP-Link;Target;8.0
359;QNAP;Target;8.0
360;VPNFilter;Tool;7.0
361;photobucket.com;Domain;8.0
362;toknowall.com;Domain;8.0
363;zuh3vcyskd4gipkm.onion;Domain;8.0
364;Apache;Tool;7.0
365;nginx;Tool;7.0
366;OpenSSL;Tool;7.0
367;dnsmasq;Tool;7.0
368;Safari;Tool;7.0
369;Mozilla;Tool;7.0
370;Tor;Tool;7.0
371;Linksys;Organization;8.0
372;MikroTik;Organization;8.0
373;NETGEAR;Organization;8.0
374;TP-Link;Organization;8.0
375;QNAP;Organization;8.0
376;Windows;Tool;7.0
377;Qualys SSL Labs;Tool;7.0
378;Qualys;Organization;6.0
379;Digicert;Organization;6.0
380;Rapid7;Organization;6.0
381;Cloudflare;Organization;6.0
382;HostIQ;Organization;6.0
383;nist.gov;Domain;4.0
384;habr.com;Domain;4.0
385;hostiq.ua;Domain;4.0
386;ssllabs.com;Domain;4.0
387;digicert.com;Domain;4.0
388;rapid7.com;Domain;4.0
389;us-cert.gov;Domain;4.0
390;heartbleed.com;Domain;4.0
391;wikipedia.org;Domain;4.0
392;freakattack.com;Domain;4.0
393;cloudflare.com;Domain;4.0
394;keycdn.com;Domain;4.0
395;FRwL;Hacker Group;9.0
396;UAC-0118;Hacker Group;9.0
397;Somnia;Tool;7.0
398;Vidar;Tool;7.0
399;Advanced IP Scanner;Tool;7.0
400;Cobalt Strike;Tool;7.0
401;Netscan;Tool;7.0
402;Rclone;Tool;7.0
403;AnyDesk;Tool;7.0
404;Ngrok;Tool;7.0
405;Themida;Tool;7.0
406;Telegram;Organization;8.0
407;outlook.com;Domain;4.0
408;mastodon.social;Domain;4.0
409;vuxuancuong.com;Domain;8.0
410;website;Domain;8.0
411;live.com;Domain;4.0
412;zambeziz.com;Domain;8.0
413;gofile.io;Domain;4.0
414;click;Domain;8.0
415;site;Domain;8.0
416;dropbox.com;Domain;4.0
417;agrikoz.com;Domain;8.0
418;aluaadin.com;Domain;8.0
419;arminext.com;Domain;8.0
420;benokij.com;Domain;8.0
421;fudupdate.com;Domain;8.0
422;sinergil.com;Domain;8.0
423;softloadup.com;Domain;8.0
424;survefuz.com;Domain;8.0
425;vinergil.com;Domain;8.0
426;zbignef.com;Domain;8.0
427;districoperav.icu;Organization;9.0
428;varanasiclick.ru;Organization;9.0
429;Syenergy Consulting & Representation Ltd;Target;8.0
430;Synergy Consulting & Representation Ltd;Organization;8.0
431;office;Tool;7.0
432;gov.ua;Target;8.0
433;Pterodo;Tool;7.0
434;Icloud;Tool;7.0
435;Iclouding;Tool;7.0
436;spisok_24.08.2018.com;Tool;7.0
437;iclouds;Tool;7.0
438;gov.ua;Organization;8.0
439;i.ua;Organization;9.0
440;ddns.net;Domain;8.0
441;Microsoft Edge;Tool;7.0
442;Microsoft Office Services;Tool;7.0
443;Microsoft Office Web Apps;Tool;7.0
444;ChakraCore;Tool;7.0
445;.NET Framework;Tool;7.0
446;Windows Host Compute Service Shim;Tool;7.0
447;Win32k;Tool;7.0
448;Microsoft Outlook;Tool;7.0
449;Paltalk;Tool;7.0
450;Pakistan;Country;10.0
451;China;Country;10.0
452;Mozilla;Organization;8.0
453;FileZilla;Organization;8.0
454;OpenVPN;Organization;8.0
455;WinSCP;Organization;8.0
456;Укрзалізниця;Target;8.0
457;BitsTransfer;Tool;7.0
458;WibuCm32;Tool;7.0
459;CodeMeter;Tool;7.0
460;SearchEmbdIndex;Tool;7.0
461;Ukrainian Railways;Organization;8.0
462;Ukrainian Volunteer Rescue Service;Organization;9.0
463;CodeMeter;Organization;6.0
464;morgunov.a;Individual;8.5
465;Трігубенко Сергій Георгійович;Individual;7.5
466;com.ua;Domain;8.0
467;Hexactor;Hacker Group;9.0
468;Ministry of Defense of Ukraine;Target;8.0
469;ISTAR ОУВ "Запоріжжя";Target;8.0
470;DELTA system;Target;8.0
471;VMProtect;Tool;7.0
472;RomCom;Tool;7.0
473;FateGrab;Tool;7.0
474;StealDeal;Tool;7.0
475;certificates_rootCA;Tool;7.0
476;ais;Tool;7.0
477;Ministry of Defense of Ukraine;Organization;8.0
478;ISTAR OUV Zaporizhzhia;Organization;8.0
479;Great C Technologies;Organization;9.0
480;delta-storages.com;Domain;7.0
481;hexactor.com;Domain;8.0
482;Sandworm;Hacker Group;9.0
483;Укрінформ;Target;8.0
484;CADDYWIPER;Tool;7.0
485;ZeroWipe;Tool;7.0
486;SDelete;Tool;7.0
487;AWFULSHRED;Tool;7.0
488;BidSwipe;Tool;7.0
489;France;Country;5.0
490;Ukrinform;Organization;8.0
491;Sandworm;Organization;9.0
492;digitalcourage.de;Organization;6.0
493;besthosting.ua;Organization;6.0
494;milkywan.fr;Organization;6.0
495;digitalcourage.de;Domain;4.0
496;besthosting.ua;Domain;4.0
497;milkywan.fr;Domain;4.0
498;State Sector Websites;Target;8.0
499;Banking Sector Websites;Target;8.0
500;Defence Sector Websites;Target;8.0
501;Cyber Incident Response Center;Organization;6.0
502;Operations and Technical Service of State Center for Cyber Defense;Organization;6.0
503;ua;Domain;7.0
504;raidforums.com;Domain;8.0
505;Zabbix;Target;8.0
506;Zabbix;Tool;7.0
507;portswigger.net;Domain;4.0
508;sonarsource.com;Domain;4.0
509;zabbix.com;Domain;4.0
510;SAML SSO;Tool;7.0
511;TontoTeam;Hacker Group;9.0
512;Russian Scientific-Technical Enterprises;Target;8.0
513;Russian Aviation Enterprises;Target;8.0
514;Russian State Bodies;Target;8.0
515;RoyalRoad builder;Tool;7.0
516;Bisonal;Tool;7.0
517;QuickMute;Tool;7.0
518;Russian scientific-technical sector enterprises;Organization;8.0
519;Russian aviation enterprises;Organization;8.0
520;Russian state bodies;Organization;8.0
521;lingrevelat.com;Domain;8.0
522;UNC1151;Hacker Group;9.0
523;WScript;Tool;7.0
524;.NET Loader;Tool;7.0
525;MicroBackdoor;Tool;7.0
526;cr4sh;Individual;8.5
527;Dmytro Oleksiuk;Individual;8.5
528;xbeta.online;Domain;8.0
529;Government Sector Websites;Target;8.0
530;defense sector websites;Target;8.0
531;inject;Tool;7.0
532;Skype;Tool;7.0
533;SFX-archive;Tool;7.0
534;dhdhk0k34.com;Domain;8.0
535;ao3.hmgo[.]pw;Domain;8.0
536;hmgo[.]pw;Domain;8.0
537;.NET program 'dhdhk0k34.com';Tool;7.0
538;ao3.hmgo.pw;Domain;8.0
539;hmgo.pw;Domain;8.0
540;UAC-0056;Hacker Group;9.0
541;Ukrainian State Bodies;Target;8.0
542;Base-Update;Tool;7.0
543;java-sdk;Tool;7.0
544;oracle-java;Tool;7.0
545;microsoft-cortana;Tool;7.0
546;GraphSteel;Tool;7.0
547;GrimPlant;Tool;7.0
548;GoDownloader;Tool;7.0
549;UAC-0041;Hacker Group;9.0
550;Citizens of Ukraine;Target;8.0
551;Domestic Ukrainian Organizations;Target;8.0
552;MARSSTEALER;Tool;7.0
553;drive.google.com;Domain;8.0
554;api.dev-com.sc;Domain;8.0
555;dev-com.sc;Domain;8.0
556;Latvian State Institution;Target;8.0
557;Windows Shortcut;Tool;7.0
558;Latvia;Country;8.0
559;Latvian state institution;Organization;8.0
560;UAC-0010;Organization;9.0
561;military-ukraine.site;Domain;8.0
562;military-ukraine.online;Domain;8.0
563;co87972.tmweb.ru;Domain;8.0
564;Ukrainian State Authorities;Target;8.0
565;Shortcut;Tool;7.0
566;PowerShell script;Tool;7.0
567;get.php;Tool;7.0
568;GammaLoad;Tool;7.0
569;Ukrainian State Authorities;Organization;8.0
570;Vadim Melnik;Individual;8.5
571;jokotras.ru;Domain;8.0
572;tiloraso.ru;Domain;8.0
573;prefer.jokotras.ru;Domain;8.0
574;milotrad.ru;Domain;8.0
575;potrakit.ru;Domain;8.0
576;tortunas.ru;Domain;8.0
577;linode.com;Domain;4.0
578;Prosecutor's Office;Target;8.0
579;NO-IP;Tool;7.0
580;LNK;Tool;7.0
581;Czech Republic;Country;5.0
582;Prosecutor's Office;Organization;8.0
583;NO-IP;Organization;6.0
584;m-vz.webhop.me;Domain;8.0
585;a0656203.xsph.ru;Domain;8.0
586;webhop.me;Domain;8.0
587;xsph.ru;Domain;8.0
588;lnk-upload.dodortar.ru;Domain;8.0
589;dod-upload.dodortar.ru;Domain;8.0
590;ln-upl.ddns.net;Domain;8.0
591;d-upl.ddns.net;Domain;8.0
592;up-dot.myftp.org;Domain;8.0
593;up-lnk.myftp.org;Domain;8.0
594;nitikora.ru;Domain;8.0
595;dodortar.ru;Domain;8.0
596;kopratiso.ru;Domain;8.0
597;billyhot.ru;Domain;8.0
598;bilitora.ru;Domain;8.0
599;194.58.121.198;Domain;8.0
600;194.180.174.105;Domain;8.0
601;149.248.13.58;Domain;8.0
602;ddnsking.com;Domain;8.0
603;3utilities.com;Domain;8.0
604;bounceme.net;Domain;8.0
605;freedynamicdns.net;Domain;8.0
606;freedynamicdns.org;Domain;8.0
607;gotdns.ch;Domain;8.0
608;hopto.org;Domain;8.0
609;myddns.me;Domain;8.0
610;myftp.biz;Domain;8.0
611;myftp.org;Domain;8.0
612;myvnc.com;Domain;8.0
613;onthewifi.com;Domain;8.0
614;redirectme.net;Domain;8.0
615;servebeer.com;Domain;8.0
616;serveblog.net;Domain;8.0
617;servecounterstrike.com;Domain;8.0
618;serveftp.com;Domain;8.0
619;servegame.com;Domain;8.0
620;servehalflife.com;Domain;8.0
621;servehttp.com;Domain;8.0
622;serveirc.com;Domain;8.0
623;serveminecraft.net;Domain;8.0
624;servemp3.com;Domain;8.0
625;servepics.com;Domain;8.0
626;servequake.com;Domain;8.0
627;sytes.net;Domain;8.0
628;viewdns.net;Domain;8.0
629;zapto.org;Domain;8.0
630;noip.com;Domain;8.0
631;post.cz;Domain;4.0
632;a0322810.xsph.ru;Domain;8.0
633;nikitora.ru;Domain;8.0
634;Ukrainian Energy Sector Infrastructure;Target;8.0
635;High Voltage Electric Substations;Target;8.0
636;Electronic Computing Machines (Windows);Target;8.0
637;Linux-based Server Equipment;Target;8.0
638;Active Network Equipment;Target;8.0
639;INDUSTROYER2;Tool;7.0
640;ARGUEPATCH;Tool;7.0
641;TAILJUMP;Tool;7.0
642;ORCSHRED;Tool;7.0
643;SOLOSHRED;Tool;7.0
644;POWERGAP;Tool;7.0
645;Energy sector of Ukraine;Organization;8.0
646;ESET;Organization;6.0
647;Sukaut;Hacker Group;9.0
648;Zimbra Collaboration Suite;Target;8.0
649;Armed Forces Email Accounts;Target;8.0
650;Zimbra Collaboration Suite;Tool;7.0
651;JUnit.js;Tool;7.0
652;Armed Forces of Ukraine;Organization;8.0
653;Zimbra;Organization;6.0
654;kmtacn.com;Domain;8.0
655;cdn.jsdelivr.net;Domain;4.0
656;yandex.ru;Domain;4.0
657;TrickBot;Hacker Group;9.0
658;Ukrainian Government;Target;8.0
659;Meterpreter;Tool;7.0
660;z;Tool;7.0
661;b;Tool;7.0
662;loader;Tool;7.0
663;a;Tool;7.0
664;Government of Ukraine;Organization;8.0
665;rs500cosworth.com;Domain;8.0
666;MISP;Tool;7.0
667;OpenPGP;Tool;7.0
668;dis.gov.ua;Domain;4.0
669;ncscc.gov.ua;Domain;4.0
670;www.cisa.gov;Domain;4.0
671;APT28;Hacker Group;9.0
672;CredoMap_v2;Tool;7.0
673;UkrScanner;Tool;7.0
674;Pipedream;Tool;7.0
675;MISP;Organization;6.0
676;Pipedream;Organization;6.0
677;eo2mxtqmeqzafqi.m.pipedream.net;Domain;8.0
678;m.pipedream.net;Domain;8.0
679;ginaengg.com;Domain;8.0
680;JesterStealer;Tool;7.0
681;Japan;Country;10.0
682;igshop.net;Domain;8.0
683;dcshost.net;Domain;8.0
684;marmaris.com.ua;Domain;8.0
685;autodoka.com.ua;Domain;8.0
686;lightnogu5owjjllyo4tj2sfos6fchnmcidlgo6c7e6fz2hgryhfhoyd.onion;Domain;8.0
687;wasabiwallet.online;Domain;8.0
688;ip-api.com;Domain;4.0
689;sv5206.xserver.jp;Domain;8.0
690;Critical Infrastructure Kherson;Target;8.0
691;Kherson;Target;8.0
692;cmd;Tool;7.0
693;sendmail.website;Domain;8.0
694;a0671524.xsph.ru;Domain;8.0
695;a0667987.xsph.ru;Domain;8.0
696;qiwardos.ru;Domain;8.0
697;milotraf.ru;Domain;8.0
698;nikotod.ru;Domain;8.0
699;icanhazip.com;Domain;4.0
700;Telecommunications Providers in Ukraine;Target;8.0
701;Media Organizations in Ukraine;Target;8.0
702;DarkCrystal RAT;Tool;7.0
703;MSCommondll;Tool;7.0
704;MSCommonDriver;Tool;7.0
705;MSCommonDriver.DCRat;Tool;7.0
706;PythonHttpGeolongpolldefault;Tool;7.0
707;Алгоритм_LegalAid;Tool;7.0
708;Operators and telecommunications providers in Ukraine;Organization;8.0
709;Media organizations in Ukraine;Organization;8.0
710;plexbd.net;Domain;8.0
711;datagroup.ddns.net;Domain;8.0
712;Municipal Enterprise;Target;8.0
713;BitTorrent;Tool;7.0
714;DWAgent;Tool;7.0
715;Python;Tool;7.0
716;Windows Update;Tool;7.0
717;KMSAuto;Tool;7.0
718;DWService;Organization;9.0
719;GitHub;Organization;6.0
720;toloka.to;Domain;8.0
721;dwservice.net;Domain;8.0
722;bt.toloka.tv;Domain;8.0
723;bt.hurtom.com;Domain;8.0
724;toloka.tv;Domain;8.0
725;run.mocky.io;Domain;8.0
726;mockbin.org;Domain;4.0
727;m247.ro;Domain;8.0
728;UAC-0006;Hacker Group;9.0
729;EOM of accountants;Target;8.0
730;Computers of accountants;Target;8.0
731;Remote Banking Systems;Target;8.0
732;SMOKELOADER;Tool;7.0
733;portable;Tool;7.0
734;pax_2023_AB1058..js;Tool;7.0
735;homospoison.ru;Domain;8.0
736;3dstore.pro;Domain;8.0
737;balkimotion.ru;Domain;8.0
738;coudzoom.ru;Domain;8.0
739;criticalosl.tech;Domain;8.0
740;humanitarydp.ug;Domain;8.0
741;ipodromlan.ru;Domain;8.0
742;lamazone.site;Domain;8.0
743;ligaspace.ru;Domain;8.0
744;maximprofile.net;Domain;8.0
745;redport80.ru;Domain;8.0
746;shopersport.ru;Domain;8.0
747;sindoproperty.org;Domain;8.0
748;superboler.com;Domain;8.0
749;zaliphone.com;Domain;8.0
750;atl.ua;Domain;7.0
751;dl.kr-admin.gov.ua;Domain;7.0
752;mayak.dp.ua;Domain;7.0
753;Uganda;Country;10.0
754;atl;Organization;8.0
755;dl.kr-admin.gov;Organization;8.0
756;mayak;Organization;8.0
757;homospoison;Organization;9.0
758;3dstore;Organization;9.0
759;balkimotion;Organization;9.0
760;coudzoom;Organization;9.0
761;criticalosl;Organization;9.0
762;humanitarydp;Organization;9.0
763;ipodromlan;Organization;9.0
764;lamazone;Organization;9.0
765;ligaspace;Organization;9.0
766;maximprofile;Organization;9.0
767;redport80;Organization;9.0
768;shopersport;Organization;9.0
769;sindoproperty;Organization;9.0
770;superboler;Organization;9.0
771;zaliphone;Organization;9.0
772;beliy;Individual;7.5
773;inbox6;Individual;7.5
774;nvn;Individual;7.5
775;UAC-0063;Hacker Group;9.0
776;Ukrainian State Institution;Target;8.0
777;SvcRestartTaskLogon;Tool;7.0
778;WsSwapAssessmentTask;Tool;7.0
779;SoftwareProtectionPlatform;Tool;7.0
780;LOGPIE;Tool;7.0
781;CHERRYSPY;Tool;7.0
782;PyArmor;Tool;7.0
783;Diagsvc;Tool;7.0
784;cscript;Tool;7.0
785;WinTime;Tool;7.0
786;slmgr;Tool;7.0
787;pytransform;Tool;7.0
788;help;Tool;7.0
789;driver;Tool;7.0
790;Mongolia;Country;10.0
791;Kazakhstan;Country;10.0
792;Kyrgyzstan;Country;10.0
793;Israel;Country;10.0
794;Bulgaria;Country;10.0
795;Singapore;Country;10.0
796;Ukrainian State Institution;Organization;8.0
797;Embassy of Tajikistan in Ukraine;Organization;9.0
798;diagnostic-resolver.com;Domain;8.0
799;ms-webdav-miniredir.com;Domain;8.0
800;blnwx.com;Domain;8.0
801;vpsag.com;Domain;8.0
802;4vendeta.com;Domain;8.0
803;cherryservers.com;Domain;8.0
804;namecheap.com;Domain;8.0
805;net-certificate.services;Domain;8.0
806;Information and Communication System (IKS);Target;8.0
807;Roundcube;Tool;7.0
808;Ukrainian State Organization;Organization;8.0
809;Recorded Future;Organization;6.0
810;meta.ua;Domain;8.0
811;global-world-news.net;Domain;8.0
812;global-news-world.com;Domain;8.0
813;aneria.net;Domain;8.0
814;armpress.net;Domain;8.0
815;ceriossl.info;Domain;8.0
816;fountainrate.com;Domain;8.0
817;lonejade.com;Domain;8.0
818;modeselling.com;Domain;8.0
819;oncetrips.com;Domain;8.0
820;vtxhospital.com;Domain;8.0
821;ns1.fountainrate.com;Domain;8.0
822;ns2.fountainrate.com;Domain;8.0
823;ns1.lonejade.com;Domain;8.0
824;ns1.modeselling.com;Domain;8.0
825;ns2.modeselling.com;Domain;8.0
826;ns1.oncetrips.com;Domain;8.0
827;ns2.oncetrips.com;Domain;8.0
828;ns1.vtxhospital.com;Domain;8.0
829;ns2.vtxhospital.com;Domain;8.0
830;World Congress of Ukrainians;Target;8.0
831;CHM file;Tool;7.0
832;Microsoft HTML Help;Tool;7.0
833;MAGICSPELL loader;Tool;7.0
834;EXE;Tool;7.0
835;DLL;Tool;7.0
836;CPL;Tool;7.0
837;PS1;Tool;7.0
838;Lithuania;Country;5.0
839;World Congress of Ukrainians;Organization;8.0
840;NATO;Organization;6.0
841;NATO Summit;Organization;6.0
842;ukrainianworldcongress.org;Domain;7.0
843;ukrainianworldcongress.info;Domain;8.0
844;finformservice.com;Domain;4.0
845;PicassoLoader;Tool;7.0
846;njRAT;Tool;7.0
847;Rundll32;Tool;7.0
848;gk40jklkgt3w094gh;Tool;7.0
849;sgsdgkjsgkljsegseuigh38g;Tool;7.0
850;Mandiant;Organization;6.0
851;Avast;Organization;8.0
852;FireEye;Organization;8.0
853;carpetmarker.pw;Domain;8.0
854;everything-everywhere.at.ply.gg;Domain;8.0
855;Embassy of Islamic Republic of Iran in Tiran;Target;8.0
856;EdgeOS;Tool;7.0
857;HTTP POST;Tool;7.0
858;Forge;Tool;7.0
859;Albania;Country;8.0
860;Embassy of the Islamic Republic of Iran in Tirana;Organization;8.0
861;Ubiquiti;Organization;9.0
862;robot-876.frge.io;Domain;8.0
863;mail-gov-ua.frge.io;Domain;8.0
864;ukr.net.frge.io;Domain;8.0
865;setnewcreds.ukr.net.frge.io;Domain;8.0
866;setnewcred.ukr.net.frge.io;Domain;8.0
867;net.frge.io;Domain;8.0
868;frge.io;Domain;8.0
869;eos93vb2cwsu3xf.m.pipedream.net;Domain;8.0
870;eopkne8kapj01xi.m.pipedream.net;Domain;8.0
871;Firefox Default Browser Agent;Tool;7.0
872;IQHost;Organization;9.0
873;Ruvds;Organization;9.0
874;DNSpod;Organization;9.0
875;alegoomaster.com;Domain;8.0
876;azartnyjboy.com;Domain;8.0
877;droopily.eu;Domain;8.0
878;filterfullproperty.ru;Domain;8.0
879;freesitucionap.com;Domain;8.0
880;gondurasonline.ug;Domain;8.0
881;hopentools.site;Domain;8.0
882;infomalilopera.ru;Domain;8.0
883;jkghdj2993jdjjdjd.ru;Domain;8.0
884;jskgdhjkdfhjdkjhd844.ru;Domain;8.0
885;kismamabeforyougo.com;Domain;8.0
886;kissmafiabeforyoudied.eu;Domain;8.0
887;kjhgdj99fuller.ru;Domain;8.0
888;nabufixservice.name;Domain;8.0
889;prostotaknet.net;Domain;8.0
890;verycheap.store;Domain;8.0
891;zaikaopentra-com-ug.online;Domain;8.0
892;zaikaopentra.com.ug;Domain;8.0
893;zakolibal.online;Domain;8.0
894;zalamafiapopcultur.eu;Domain;8.0
895;liverpulapp.ru;Domain;8.0
896;samoramertut.ru;Domain;8.0
897;cityofuganda.ug;Domain;8.0
898;goodlenuxilam.site;Domain;8.0
899;hillespostelnm.eu;Domain;8.0
900;internetcygane.ru;Domain;8.0
901;jimloamfilling.online;Domain;8.0
902;jslopasitmon.com;Domain;8.0
903;kilomunara.com;Domain;8.0
904;krasavchikoleg.net;Domain;8.0
905;maxteroper.ru;Domain;8.0
906;nafillimonilini.net;Domain;8.0
907;napropertyhub.eu;Domain;8.0
908;polinamailserverip.ru;Domain;8.0
909;sismasterhome.ru;Domain;8.0
910;supermarioprohozhdenie.ru;Domain;8.0
911;vertusupportjk.org;Domain;8.0
912;zaikadoctor.ru;Domain;8.0
913;zallesman.ru;Domain;8.0
914;zarabovannyok.eu;Domain;8.0
915;BlackNotary;Hacker Group;9.0
916;Judiciary of Ukraine;Target;8.0
917;Notary of Ukraine;Target;8.0
918;BAT;Tool;7.0
919;CMD;Tool;7.0
920;ScrubCrypt;Tool;7.0
921;AsyncRAT;Tool;7.0
922;riuscos88;Individual;5.0
923;amandarecz75;Individual;5.0
924;barno2715;Individual;5.0
925;minijusfil.com;Domain;8.0
926;filetransrediremin.com;Domain;8.0
927;barnsertr.com;Domain;8.0
928;Judiciary and Notary of Ukraine;Target;8.0
929;Department of Notaries, Dnipropetrovsk;Target;8.0
930;BAT/CMD;Tool;7.0
931;Switzerland;Country;10.0
932;Ukrainian Judiciary and Notary Organization;Organization;8.0
933;Department of Notaries in Dnipropetrovsk;Organization;8.0
934;privatelayer.com;Domain;8.0
935;WinRAR;Tool;7.0
936;Turkey;Country;10.0
937;publicdomainregistry.com;Organization;6.0
938;Stark Industries Solutions Ltd;Organization;9.0
939;profitserver.ru;Organization;9.0
940;topibuzz.space;Domain;8.0
941;windacarmelita.pw;Domain;8.0
942;ЕОМ бухгалтерів;Target;8.0
943;Belarus;Country;10.0
944;Iran;Country;10.0
945;ООО "Трейдер софт";Organization;9.0
946;Чекель Н.В.;Individual;8.5
947;diplombar.by;Domain;8.0
948;dublebomber.ru;Domain;8.0
949;iloveua.ir;Domain;8.0
950;ipoluchayteudovolstvie.ru;Domain;8.0
951;kozachok777.ru;Domain;8.0
952;moyabelorussiya.by;Domain;8.0
953;nomnetozhedenyuzhkanuzhna.ru;Domain;8.0
954;popuasyfromua.ru;Domain;8.0
955;propertyiran.ir;Domain;8.0
956;propertyminsk.by;Domain;8.0
957;prostosmeritesya.ru;Domain;8.0
958;restmantra.by;Domain;8.0
959;sakentoshi.ru;Domain;8.0
960;specnaznachenie.ru;Domain;8.0
961;super777bomba.ru;Domain;8.0
962;tvoyaradostetoya.ru;Domain;8.0
963;yavasponimayu.ru;Domain;8.0
964;zakrylki809.ru;Domain;8.0
965;zasadacafe.by;Domain;8.0
966;simplecloud.ru;Domain;8.0
967;Білорусь;Country;10.0
968;Іран;Country;10.0
969;Specialized Prosecution;Target;8.0
970;Defense Sector;Target;8.0
971;Microsoft Office Excel;Tool;7.0
972;write;Tool;7.0
973;Specialized Prosecutor's Office;Organization;8.0
974;Ukrainian Defense Sector;Organization;8.0
975;skreatortemp.site;Domain;8.0
976;JokerDPR;Hacker Group;9.0
977;Google;Target;8.0
978;Ukr.Net;Target;8.0
979;Outlook;Target;8.0
980;EXMO;Target;8.0
981;Binance;Target;8.0
982;Finland;Country;10.0
983;Outlook;Organization;8.0
984;EXMO;Organization;8.0
985;Binance;Organization;8.0
986;Tucows;Organization;9.0
987;Namecheap;Organization;9.0
988;authssl.in;Domain;8.0
989;authssl.link;Domain;8.0
990;authssl.online;Domain;8.0
991;authssl.org;Domain;8.0
992;authssl.site;Domain;8.0
993;ssl1.online;Domain;8.0
994;ssl1.site;Domain;8.0
995;ssl2.in;Domain;8.0
996;ssl2.link;Domain;8.0
997;ssl2.online;Domain;8.0
998;ssl2.site;Domain;8.0
999;ssl3.online;Domain;8.0
1000;ssl3.site;Domain;8.0
1001;ssl4.online;Domain;8.0
1002;ssl4.site;Domain;8.0
1003;exmo.day;Domain;8.0
1004;getssl.click;Domain;8.0
1005;getssl.ink;Domain;8.0
1006;goaccount.link;Domain;8.0
1007;passport2.zip;Domain;8.0
1008;personlog.in;Domain;8.0
1009;certifiedauth.in;Domain;8.0
1010;hsts.online;Domain;8.0
1011;connectssl.in;Domain;8.0
1012;account.certifiedauth.in;Domain;8.0
1013;account.coinbase.exmo.day;Domain;8.0
1014;account.google.com.getssl.ink;Domain;8.0
1015;account.live.com.exmo.day;Domain;8.0
1016;account.live.com.getssl.click;Domain;8.0
1017;account.outlook.live.com.exmo.day;Domain;8.0
1018;accounts.binance.com.exmo.day;Domain;8.0
1019;accounts.binance.com.personlog.in;Domain;8.0
1020;accounts.certifiedauth.in;Domain;8.0
1021;accounts.google.com.getssl.click;Domain;8.0
1022;Kyivstar;Target;8.0
1023;SBU;Target;8.0
1024;ZIP;Tool;7.0
1025;BATCH;Tool;7.0
1026;bitbucket;Tool;7.0
1027;REMCOS RAT;Tool;7.0
1028;SmartAssembly;Tool;7.0
1029;test2;Tool;7.0
1030;wsuscr;Tool;7.0
1031;GB;Tool;7.0
1032;Запит;Tool;7.0
1033;reg;Tool;7.0
1034;explorer;Tool;7.0
1035;Malaysia;Country;10.0
1036;Kyivstar;Organization;8.0
1037;Shinjiru;Organization;9.0
1038;Bitbucket;Organization;6.0
1039;bitbucket.org;Domain;4.0
1040;Ukrainian State Organizations;Target;8.0
1041;Polish Organizations;Target;8.0
1042;MASEPIE;Tool;7.0
1043;OCEANMAP;Tool;7.0
1044;STEELHOOK;Tool;7.0
1045;OpenSSH;Tool;7.0
1046;SMBEXEC;Tool;7.0
1047;Client;Tool;7.0
1048;Польща;Country;8.0
1049;czyrqdnvpujmmjkfhhvs4knf1av02demj.oast.fun;Domain;8.0
1050;czyrqdnvpujmmjkfhhvsclx05sfi23bfr.oast.fun;Domain;8.0
1051;czyrqdnvpujmmjkfhhvsgapqr3hclnhhj.oast.fun;Domain;8.0
1052;czyrqdnvpujmmjkfhhvsvlaax17vd5r6v.oast.fun;Domain;8.0
1053;nas-files.firstcloudit.com;Domain;8.0
1054;ua-calendar.firstcloudit.com;Domain;8.0
1055;e-nas.firstcloudit.com;Domain;8.0
1056;webmail.facadesolutionsuae.com;Domain;8.0
1057;facadesolutionsuae.com;Domain;8.0
1058;Ukrainian Armed Forces;Target;8.0
1059;3rd Separate Assault Brigade;Target;8.0
1060;REVERSE SSH;Tool;7.0
1061;uacybershieldx;Tool;7.0
1062;word_update;Tool;7.0
1063;drvsysx86;Tool;7.0
1064;remcos;Tool;7.0
1065;Ізраїль;Country;5.0
1066;Israel Defense Forces (IDF);Organization;6.0
1067;funedunet.com;Domain;8.0
1068;new-tech-savvy.com;Domain;8.0
1069;grabify.link;Domain;8.0
1070;iplogger.com;Domain;8.0
1071;Medok;Target;8.0
1072;AutoIt;Tool;7.0
1073;QuasarRAT;Tool;7.0
1074;Remote Utilities;Tool;7.0
1075;Google Drive;Tool;7.0
1076;Medok;Organization;8.0
1077;DesignPixel Innovations;Organization;9.0
1078;rmssrv.ru;Domain;8.0
1079;UAC-0050;Hacker Group;9.0
1080;Ukrainian Civil Defense;Target;8.0
1081;CCleaner;Tool;7.0
1082;RemoteUtilities;Tool;7.0
1083;Poland;Country;10.0
1084;United Kingdom;Country;10.0
1085;Indonesia;Country;10.0
1086;remala.id;Domain;8.0
1087;nlightusa.com;Domain;8.0
1088;miecznet.com.pl;Domain;8.0
1089;settusfree.org.uk;Domain;8.0
1090;grafix.ne.jp;Domain;8.0
1091;dsns.gov.ua;Domain;7.0
1092;8161.uk;Domain;8.0
1093;Turla;Hacker Group;9.0
1094;DaVinci Group;Hacker Group;9.0
1095;Ukrainian Government and Energy Sector Organizations;Target;8.0
1096;KAZUAR;Tool;7.0
1097;VENOM RAT;Tool;7.0
1098;LUMMASTEALER;Tool;7.0
1099;VPN;Tool;7.0
1100;Ukrainian government and energy sector organizations;Organization;8.0
1101;Ukrainian Government Organization;Target;8.0
1102;Ukrainian Energy Sector Organization;Target;8.0
1103;Ukrainian Financial Sector Organization;Target;8.0
1104;Ukrainian Healthcare Organization;Target;8.0
1105;Ukrainian IT Organization;Target;8.0
1106;Financial sector of Ukraine;Organization;8.0
1107;Healthcare sector of Ukraine;Organization;8.0
1108;IT sector of Ukraine;Organization;8.0
1109;UAC-0028;Organization;9.0
1110;UAC-0003;Organization;9.0
1111;UAC-0050;Organization;9.0
1112;DaVinci Group;Organization;9.0
1113;SRP;Tool;7.0
1114;AppLocker;Tool;7.0
1115;Yara;Tool;7.0
1116;SIEM;Tool;7.0
1117;Mikrotik/pfSense;Tool;7.0
1118;UAC-0010;Tool;7.0
1119;pfSense;Tool;7.0
1120;TALESHOT;Tool;7.0
1121;RMS;Tool;7.0
1122;WmiPrvSE;Tool;7.0
1123;xmrig;Tool;7.0
1124;smoke;Tool;7.0
1125;agentsuperpupervinil.ru;Domain;8.0
1126;ccbaminumpot.ru;Domain;8.0
1127;picwalldoor.ru;Domain;8.0
1128;sephoraofficetz.ru;Domain;8.0
1129;vikompalion.ru;Domain;8.0
1130;vivianstyler.ru;Domain;8.0
1131;monopoliafromyou.ru;Domain;8.0
1132;rafraystore.ru;Domain;8.0
1133;xmr.2miners.com;Domain;8.0
1134;Ukrainian Organizations;Target;8.0
1135;SuperOps RMM;Tool;7.0
1136;PyInstaller;Tool;7.0
1137;Minesweeper;Tool;7.0
1138;Europe;Country;5.0
1139;USA;Country;5.0
1140;CSIRT National Bank of Ukraine;Organization;6.0
1141;Lexical Analysis Software Ltd;Organization;6.0
1142;Bank of America;Organization;6.0
1143;Chase Online;Organization;6.0
1144;superops.com;Domain;8.0
1145;superops.ai;Domain;8.0
1146;patient-docs-mail.com;Domain;8.0
1147;protonmail.com;Domain;8.0
1148;anotepad.com;Domain;8.0
1149;yemmyusa.com;Domain;8.0
1150;Government Officials;Target;8.0
1151;Military Personnel;Target;8.0
1152;Defense Enterprise Representatives;Target;8.0
1153;Signal;Tool;7.0
1154;Ukrainian State Services;Organization;8.0
1155;Ukrainian Defense Enterprises;Organization;8.0
1156;188.245.50.32;Domain;8.0
1157;Ukrainian State Officials;Target;8.0
1158;Ukrainian Military Personnel;Target;8.0
1159;Defense Enterprises in Ukraine;Target;8.0
1160;Vermin;Hacker Group;9.0
1161;Ukrainian Defense Forces;Target;8.0
1162;SPECTR;Tool;7.0
1163;SyncThing;Tool;7.0
1164;Cybersecurity Center of the Armed Forces of Ukraine;Organization;8.0
1165;post.mil.gov.ua;Domain;7.0
1166;syncthing.net;Domain;8.0
1167;crash.syncthing.net;Domain;8.0
1168;data.syncthing.net;Domain;8.0
1169;upgrades.syncthing.net;Domain;8.0
1170;FIRMACHAGENT;Tool;7.0
1171;IDCLIPNET_x86;Tool;7.0
1172;chrome_updater;Tool;7.0
1173;Prozorro;Organization;9.0
1174;Ukraero;Organization;9.0
1175;Beget;Organization;6.0
1176;prozorro.online;Domain;8.0
1177;ukraero.space;Domain;8.0
1178;beget.com;Domain;4.0
1179;171.22.120.50;Domain;8.0
1180;91.225.219.185;Domain;8.0
1181;GRISELDA Mobile Application;Target;8.0
1182;Eyes Tracking System;Target;8.0
1183;HYDRA;Tool;7.0
1184;GRISELDA;Tool;7.0
1185;Eyes;Tool;7.0
1186;IKS Eyes;Organization;8.0
1187;A0334;Organization;8.0
1188;Google Cloud;Organization;6.0
1189;iniqestgoclued;Individual;8.5
1190;vasilyi1997;Individual;8.5
1191;griselda-edu.com.ua;Domain;8.0
1192;griselda.biz.ua;Domain;8.0
1193;griselda.co.ua;Domain;8.0
1194;bitter-hall-1c0c.ochiplus.workers.dev;Domain;8.0
1195;falling-rice-4afa.ochiplus.workers.dev;Domain;8.0
1196;ochiplus.workers.dev;Domain;8.0
1197;Fire Cells Group;Hacker Group;9.0
1198;Ukrainian Enterprises;Target;8.0
1199;Ukrainian Individuals;Target;8.0
1200;REMCOS;Tool;7.0
1201;TEKTONITRMS;Tool;7.0
1202;MEDUZASTEALER;Tool;7.0
1203;XENORAT;Tool;7.0
1204;SECTOPRAT;Tool;7.0
1205;DARKTRACKRAT;Tool;7.0
1206;avoufshire.icu;Domain;8.0
1207;qwdfewf.com;Domain;8.0
1208;raw.githubusercontent.com;Domain;8.0
1209;ReserPlus;Target;8.0
1210;PhantomTools;Tool;7.0
1211;OceanicTools;Tool;7.0
1212;ReserPlus;Tool;7.0
1213;Town of Lake Lure;Target;8.0
1214;Ukrainian Military;Target;8.0
1215;UKRTelecom;Target;8.0
1216;Microsoft Remote Desktop;Tool;7.0
1217;mstsc;Tool;7.0
1218;Zero Trust Architecture Configuration;Tool;7.0
1219;Device Configuration Verification;Tool;7.0
1220;AWS IAM Quick Start;Tool;7.0
1221;AWS IAM Compliance Check;Tool;7.0
1222;AWS IAM Configuration;Tool;7.0
1223;Australia;Country;5.0
1224;Greece;Country;5.0
1225;Slovakia;Country;5.0
1226;Town of Lake Lure;Organization;8.0
1227;AWS;Organization;9.0
1228;yulia.antonenko;Individual;5.0
1229;alexandra.gerst;Individual;5.0
1230;oleksii.myronov;Individual;5.0
1231;townoflakelure.com;Domain;7.0
1232;ukrtelecom.cloud;Domain;8.0
1233;ca-central-1.awsplatform[.]online;Domain;8.0
1234;ca-west-1.mfa-gov[.]cloud;Domain;8.0
1235;central-2-aws.ua-aws[.]army;Domain;8.0
1236;eu-central-1-aws.mfa-gov[.]cloud;Domain;8.0
1237;eu-central-1.mfa-gov[.]cloud;Domain;8.0
1238;eu-central-1.ukrtelecom[.]cloud;Domain;8.0
1239;eu-central-2-aws.ua-aws[.]army;Domain;8.0
1240;eu-north-1-aws.ua-energy[.]cloud;Domain;8.0
1241;eu-north-1-aws.ua-gov[.]cloud;Domain;8.0
1242;eu-south-1-aws.mfa-gov[.]cloud;Domain;8.0
1243;eu-south-2-aws.mfa-gov[.]cloud;Domain;8.0
1244;eu-southeast-1-aws.gov-ua[.]cloud;Domain;8.0
1245;eu-southeast-1-aws.govtr[.]cloud;Domain;8.0
1246;eu-southeast-1-aws.zero-trust[.]solutions;Domain;8.0
1247;us-east-1-aws.mfa-gov[.]cloud;Domain;8.0
1248;us-east-2-aws.ua-gov[.]cloud;Domain;8.0
1249;us-east-console.awsplatform[.]online;Domain;8.0
1250;us-west-1-amazon.uk-energy[.]cloud;Domain;8.0
1251;us-west-1.aws-ukraine[.]cloud;Domain;8.0
1252;us-west-1.ua-aws[.]army;Domain;8.0
1253;us-west-1.ukrtelecom[.]cloud;Domain;8.0
1254;us-west-2-aws.mfa-gov[.]cloud;Domain;8.0
1255;zero-trust.solutions;Domain;8.0
1256;awsplatform.online;Domain;8.0
1257;aws-ukraine.cloud;Domain;8.0
1258;aws-s3.cloud;Domain;8.0
1259;aws-meet.cloud;Domain;8.0
1260;aws-il.cloud;Domain;8.0
1261;aws-data.cloud;Domain;8.0
1262;aws-meetings.cloud;Domain;8.0
1263;aws-secure.cloud;Domain;8.0
1264;aws-join.cloud;Domain;8.0
1265;aws-online.cloud;Domain;8.0
1266;gov-au[.]cloud;Domain;8.0
1267;gov-aws[.]cloud;Domain;8.0
1268;gov-fi[.]cloud;Domain;8.0
1269;gov-gr[.]cloud;Domain;8.0
1270;gov-lt[.]cloud;Domain;8.0
1271;gov-lv[.]cloud;Domain;8.0
1272;gov-pl[.]cloud;Domain;8.0
1273;gov-sk[.]cloud;Domain;8.0
1274;gov-trust[.]cloud;Domain;8.0
1275;gov-ua[.]cloud;Domain;8.0
1276;govps[.]cloud;Domain;8.0
1277;govtr[.]cloud;Domain;8.0
1278;govua[.]cloud;Domain;8.0
1279;eru-gov[.]cloud;Domain;8.0
1280;feedzai-gov[.]cloud;Domain;8.0
1281;md-gov[.]cloud;Domain;8.0
1282;mf-gov[.]cloud;Domain;8.0
1283;mo-gov[.]cloud;Domain;8.0
1284;mpo-gov[.]cloud;Domain;8.0
1285;mpsv-gov[.]cloud;Domain;8.0
1286;msmt-gov[.]cloud;Domain;8.0
1287;mv-gov[.]cloud;Domain;8.0
1288;my-gov[.]cloud;Domain;8.0
1289;mzd-gov[.]cloud;Domain;8.0
1290;mze-gov[.]cloud;Domain;8.0
1291;mzp-gov[.]cloud;Domain;8.0
1292;mzv-gov[.]cloud;Domain;8.0
1293;nakit-gov[.]cloud;Domain;8.0
1294;nbu-gov[.]cloud;Domain;8.0
1295;nukib-gov[.]cloud;Domain;8.0
1296;policie-gov[.]cloud;Domain;8.0
1297;mmr-gov[.]cloud;Domain;8.0
1298;uohs-gov[.]cloud;Domain;8.0
1299;uoou-gov[.]cloud;Domain;8.0
1300;vlada-gov[.]cloud;Domain;8.0
1301;voa-gov[.]cloud;Domain;8.0
1302;mfa-gov[.]cloud;Domain;8.0
1303;mfa-gov-il[.]cloud;Domain;8.0
1304;mfa-gov-tr[.]cloud;Domain;8.0
1305;mil-be[.]cloud;Domain;8.0
1306;mil-ee[.]cloud;Domain;8.0
1307;mil-pl[.]cloud;Domain;8.0
1308;mil-pt[.]cloud;Domain;8.0
1309;mod-gov-il[.]cloud;Domain;8.0
1310;s3-acronis[.]cloud;Domain;8.0
1311;s3-army[.]cloud;Domain;8.0
1312;s3-atlassian[.]cloud;Domain;8.0
1313;s3-aws[.]cloud;Domain;8.0
1314;s3-bah[.]cloud;Domain;8.0
1315;s3-be[.]cloud;Domain;8.0
1316;s3-blackberry[.]cloud;Domain;8.0
1317;s3-csis[.]cloud;Domain;8.0
1318;s3-de[.]cloud;Domain;8.0
1319;s3-dgap[.]cloud;Domain;8.0
1320;s3-dk[.]cloud;Domain;8.0
1321;s3-dnc[.]cloud;Domain;8.0
1322;s3-esa[.]cloud;Domain;8.0
1323;s3-fbi[.]cloud;Domain;8.0
1324;s3-hudson[.]cloud;Domain;8.0
1325;s3-ida[.]cloud;Domain;8.0
1326;s3-iri[.]cloud;Domain;8.0
1327;s3-knowbe4[.]cloud;Domain;8.0
1328;s3-marcus[.]cloud;Domain;8.0
1329;s3-monitoring[.]cloud;Domain;8.0
1330;s3-nato[.]cloud;Domain;8.0
1331;s3-ned[.]cloud;Domain;8.0
1332;s3-nsa[.]cloud;Domain;8.0
1333;s3-proofpoint[.]cloud;Domain;8.0
1334;s3-pt[.]cloud;Domain;8.0
1335;s3-rackspace[.]cloud;Domain;8.0
1336;s3-rand[.]cloud;Domain;8.0
1337;s3-spacex[.]cloud;Domain;8.0
1338;s3-state[.]cloud;Domain;8.0
1339;s3-stig[.]cloud;Domain;8.0
1340;s3-ua[.]cloud;Domain;8.0
1341;s3-ucia[.]cloud;Domain;8.0
1342;s3-zoho[.]cloud;Domain;8.0
1343;ua-aws.army;Domain;8.0
1344;ua-energy[.]cloud;Domain;8.0
1345;ua-gov[.]cloud;Domain;8.0
1346;ua-mil[.]cloud;Domain;8.0
1347;ua-sec[.]cloud;Domain;8.0
1348;ua-se[.]cloud;Domain;8.0
1349;ua-sn[.]cloud;Domain;8.0
1350;VBS script Пароль.vbe;Tool;7.0
1351;WEXTRACT;Tool;7.0
1352;HostZealot;Organization;9.0
1353;Python Software Foundation;Organization;9.0
1354;edisk.in.ua;Domain;8.0
1355;edisk.ukrnet.01mirror.com.ua;Domain;8.0
1356;staticgl.one;Domain;8.0
1357;winupmirror.support;Domain;8.0
1358;ukrnames.com;Domain;8.0
1359;swiftydns.com;Domain;8.0
1360;registrar-servers.com;Domain;8.0
1361;01mirror.com.ua;Domain;8.0
1362;Local Self-Government Email Accounts;Target;8.0
1363;State Organization Email Accounts;Target;8.0
1364;Browser;Tool;7.0
1365;SSH;Tool;7.0
1366;Metasploit;Tool;7.0
1367;Local Self-Government;Organization;8.0
1368;State Organization;Organization;8.0
1369;mail.zhblz.com;Domain;8.0
1370;docs.google.com.spreadsheets.d.1ip6eeakdebmwteh36vana4hu-glaeksstsht-boujdk.zhblz.com;Domain;8.0
1371;doc.gmail.com.gyehddhrggdii323sdhnshiswh2udhqjwdhhfjcjeuejcj.zhblz.com;Domain;8.0
1372;State Tax Service of Ukraine;Target;8.0
1373;LITEMANAGER;Tool;7.0
1374;LiteManager Pro;Tool;7.0
1375;ROMFUSClient;Tool;7.0
1376;ROMServer;Tool;7.0
1377;msiexec;Tool;7.0
1378;pdf.msi;Tool;7.0
1379;Електронний запит документів податкової служби.pdf;Tool;7.0
1380;State Tax Service of Ukraine;Organization;8.0
1381;tax-gov-ua.com;Domain;7.0
1382;dpsu-gov-ua.com;Domain;7.0
1383;qaz.im;Domain;8.0
1384;qaz.is;Domain;8.0
1385;qaz.su;Domain;8.0
1386;UNC4221;Hacker Group;9.0
1387;Ukrainian Union of Industrialists and Entrepreneurs (UPSPE);Target;8.0
1388;ТЕНЕТА;Target;8.0
1389;КРОПИВА;Target;8.0
1390;Computers of Defense Industry Enterprise Employees;Target;8.0
1391;start.hta;Tool;7.0
1392;update;Tool;7.0
1393;Registry.hta;Tool;7.0
1394;Main.bat;Tool;7.0
1395;.lnk;Tool;7.0
1396;MESHAGENT;Tool;7.0
1397;ULTRAVNC;Tool;7.0
1398;EdgeUpdate;Tool;7.0
1399;Ukrainian Union of Entrepreneurs;Organization;8.0
1400;uspp.derzhposluhy.com;Domain;7.0
1401;device.redirecl.com;Domain;8.0
1402;live.outloolc.com;Domain;8.0
1403;mail.outloolc.com;Domain;8.0
1404;svc.odwebp.com;Domain;8.0
1405;get.god-le.com;Domain;8.0
1406;account-viewer.com;Domain;8.0
1407;cloud.account-viewer.com;Domain;8.0
1408;plntr.account-viewer.com;Domain;8.0
1409;ivanti.account-viewer.com;Domain;8.0
1410;get.in-touc.com;Domain;8.0
1411;get.mail-gov.com;Domain;8.0
1412;get.sign-cert.com;Domain;8.0
1413;my.mail-gov.net;Domain;8.0
1414;stellar.account-viewer.com;Domain;8.0
1415;i-ua.account-guard.site;Domain;8.0
1416;telegram.defender-bot.site;Domain;8.0
1417;telegram.token-defender.cloud;Domain;8.0
1418;account-guard.site;Domain;8.0
1419;defender-bot.site;Domain;8.0
1420;token-defender.cloud;Domain;8.0
1421;kropyva.group;Domain;8.0
1422;teneta.group;Domain;8.0
1423;group-teneta.online;Domain;8.0
1424;group.teneta.site;Domain;8.0
1425;plntr.mirotrent.com;Domain;8.0
1426;mirotrent.com;Domain;8.0
1427;outloolc.com;Domain;8.0
1428;dhl.redirecl.com;Domain;8.0
1429;drive.redirecl.com;Domain;8.0
1430;check.sign-cert.com;Domain;8.0
1431;sign-cert.com;Domain;8.0
1432;sign-cert.net;Domain;8.0
1433;confirm.sign-cert.com;Domain;8.0
1434;UAC-0099;Hacker Group;9.0
1435;Forestry;Target;8.0
1436;Forensic Medicine Institutions;Target;8.0
1437;Factories;Target;8.0
1438;State Organizations;Target;8.0
1439;LONEPAGE;Tool;7.0
1440;UpdateOfficeCore;Tool;7.0
1441;update.win.app.com;Tool;7.0
1442;app.lib.conf;Tool;7.0
1443;schtasks;Tool;7.0
1444;gosp16.spd.ics.gov.ua;Organization;8.0
1445;captcha-challenge.com;Organization;9.0
1446;newyorktlimes.life;Organization;9.0
1447;webappapiservice.life;Organization;9.0
1448;gosp16.spd.ics.gov.ua;Domain;7.0
1449;captcha-challenge.com;Domain;8.0
1450;newyorktlimes.life;Domain;8.0
1451;webappapiservice.life;Domain;8.0
1452;update.win.app.com;Domain;8.0
1453;APT44;Hacker Group;9.0
1454;Seashell Blizzard;Hacker Group;9.0
1455;Energy, Water & Heating Supply Enterprises (OKI);Target;8.0
1456;Serbian Enterprises;Target;8.0
1457;Czechian Enterprises;Target;8.0
1458;Logistics Enterprises in Ukraine;Target;8.0
1459;Ukrainian Grain Machinery Firms;Target;8.0
1460;Ukrainian Automated Process Control Firm;Target;8.0
1461;SECONDBEST;Tool;7.0
1462;EMPIREPAST;Tool;7.0
1463;SPARK;Tool;7.0
1464;CROOKBAG;Tool;7.0
1465;PEAKLIGHT;Tool;7.0
1466;BShark;Tool;7.0
1467;Backup;Tool;7.0
1468;customchecker.com;Tool;7.0
1469;adobe;Tool;7.0
1470;Serbia;Country;8.0
1471;Czechia;Country;8.0
1472;Energy, Water & Heating Supply Enterprises (OKI);Organization;8.0
1473;Logistics enterprises in Ukraine;Organization;8.0
1474;Ukrainian grain equipment manufacturers;Organization;8.0
1475;Ukrainian ASUTP solution providers;Organization;8.0
1476;documents-reader.com;Domain;8.0
1477;femundengerdal.no;Domain;8.0
1478;object-storage-service.com;Domain;8.0
1479;protectraid.com;Domain;8.0
1480;protectconnections.com;Domain;8.0
1481;gurt.duna.ua;Domain;8.0
1482;helpdesk.katolik.bydgoszcz.pl;Domain;8.0
1483;ertel-audit.com;Domain;8.0
1484;furqaanenergy.com;Domain;8.0
1485;adobeprotectcheck.com;Domain;8.0
1486;annualgieconferenceinmunich2024.com;Domain;8.0
1487;gieannualconferenceinmunich.com;Domain;8.0
1488;afi-ukraine.org;Domain;4.0
1489;calendar.stib.com.ua;Domain;4.0
1490;UAC-0173;Hacker Group;9.0
1491;Notary Computers;Target;8.0
1492;State Registers;Target;8.0
1493;Ministry of Justice of Ukraine;Target;8.0
1494;Notary's Chamber of Ukraine;Target;8.0
1495;HAKA3;Tool;7.0
1496;Наказ Міністерства юстиції від 10.02.2025 № 43613.1-03;Tool;7.0
1497;До відома;Tool;7.0
1498;DARKCRYSTALRAT;Tool;7.0
1499;RDPWRAPPER;Tool;7.0
1500;BORE;Tool;7.0
1501;NMAP;Tool;7.0
1502;FIDDLER;Tool;7.0
1503;XWORM;Tool;7.0
1504;SENDEMAIL;Tool;7.0
1505;install;Tool;7.0
1506;autoupdate;Tool;7.0
1507;try_excl;Tool;7.0
1508;xupwork3;Tool;7.0
1509;excl;Tool;7.0
1510;Ministry of Justice of Ukraine;Organization;8.0
1511;Ukrainian Notary Chamber;Organization;8.0
1512;Cybersecurity Commission of the National University of Ukraine;Organization;6.0
1513;bestank.ph;Domain;8.0
1514;fgf2.i.ua;Domain;8.0
1515;r2.cloudflarestorage.com;Domain;8.0
1516;upnow-prod.ff45e40d1a1c8f7e7de4e976d0c9e555.r2.cloudflarestorage.com;Domain;8.0
1517;i.ibb.co;Domain;8.0
1518;193.233.48.166;Domain;8.0
1519;91.92.246.18;Domain;8.0
1520;87.120.126.48;Domain;8.0
1521;89.105.201.98;Domain;8.0
1522;194.0.234.155;Domain;8.0
1523;Defense Industrial Complex Employees;Target;8.0
1524;Ukrainian Armed Forces Representatives;Target;8.0
1525;DarkTortilla;Tool;7.0
1526;imgurl.ir;Domain;8.0
1527;Ukrainian Government Organizations;Target;8.0
1528;baseupd;Tool;7.0
1529;oYUuQbXu;Tool;7.0
1530;stage1;Tool;7.0
1531;stage2;Tool;7.0
1532;shellcode.x86;Tool;7.0
1533;shellcode.x64;Tool;7.0
1534;Unified Compensation Center for Unpaid Money Returns;Target;8.0
1535;kohhd.com;Domain;8.0
1536;rivierafamily.com;Domain;8.0
1537;compensations-ukrain.bar;Domain;8.0
1538;compensation-ukr.com;Domain;8.0
1539;europadonnaireland.org;Domain;8.0
1540;foundpomoshi.com;Domain;8.0
1541;peer-gos.top;Domain;8.0
1542;helpzzfound.site;Domain;8.0
1543;uacompensation.xyz;Domain;8.0
1544;pay.uacompensation.xyz;Domain;8.0